,Customer_ID,Actual_Churn,Model_Predictions,Model_Probabilities
3160,3420-YJLQT,No,Yes,0.6804247312592792
1592,6543-JXSOO,No,No,0.033254080070896454
5824,5577-OTWWW,Yes,No,0.25486159807476977
3866,6646-JPPHA,No,No,0.30691114441114437
714,5759-RCVCB,Yes,No,0.4375168083278769
6402,9847-HNVGP,No,No,0.020769442887685674
727,5909-ECHUI,Yes,No,0.49193147468637216
537,4418-LZMSV,No,No,0.18948975823436462
691,5542-DHSXL,No,No,0.07754077845099513
2947,2568-OIADY,Yes,Yes,0.5879825343107808
5308,5322-TEUJK,No,No,0.08075453379612924
99,0887-HJGAR,Yes,No,0.4375168083278769
1668,7781-EWARA,No,No,0.0583644715430992
5950,8048-DSDFQ,No,No,0.25486159807476977
491,4074-SJFFA,Yes,No,0.4375168083278769
3515,5044-LRQAQ,No,Yes,0.5837459802732902
3919,6908-VVYHM,No,Yes,0.5879825343107808
5229,3396-DKDEL,No,No,0.08075453379612924
2569,0650-BWOZN,No,Yes,0.6804247312592792
449,3776-EKTKM,Yes,No,0.49193147468637216
2286,7921-BEPCI,No,No,0.0
6956,8577-QSOCG,No,No,0.0055119911714350475
5923,7706-DZNKK,No,No,0.25486159807476977
2502,0365-TRTPY,No,No,0.3856626984126986
4240,8519-IMDHU,Yes,Yes,0.5837459802732902
2100,5232-NXPAY,No,No,0.020769442887685674
4759,3786-WOVKF,No,No,0.08609192604780837
1092,8805-JNRAZ,No,No,0.4375168083278769
1162,9481-SFCQY,No,No,0.2846305072048834
2708,1389-CXMLU,Yes,Yes,0.6804247312592792
141,1324-NLTJE,Yes,No,0.25486159807476977
1886,1642-HMARX,No,No,0.0
3615,5442-XSDCW,Yes,Yes,0.5837459802732902
4670,2242-MFOTG,No,No,0.12568619023361585
1045,8450-UYIBU,No,No,0.49193147468637216
3890,6771-XWBDM,Yes,Yes,0.5837459802732902
3154,3398-FSHON,Yes,Yes,0.6804247312592792
1200,9761-XUJWD,No,No,0.25486159807476977
5739,4013-GUXND,No,No,0.25486159807476977
4627,1360-JYXKQ,No,No,0.21665218389281848
282,2446-ZKVAF,No,No,0.2846305072048834
579,4701-MLJPN,Yes,No,0.20792854910416148
4743,3511-APPBJ,No,No,0.12568619023361585
6156,3378-AJRAO,No,No,0.0583644715430992
3757,6103-BOCOU,No,Yes,0.6804247312592792
6587,2799-TSLAG,No,No,0.0055119911714350475
6103,1839-UMACK,No,No,0.0025
3754,6088-BXMRG,No,Yes,0.5879825343107808
5264,4159-NAAIX,No,No,0.12568619023361585
4420,9451-LPGOO,Yes,Yes,0.6804247312592792
4296,8800-JOOCF,No,Yes,0.5879825343107808
1391,2969-WGHQO,No,No,0.10434523809523809
5211,2988-QRAJY,No,No,0.0
6460,0902-XKXPN,No,No,0.0055119911714350475
2304,8174-TBVCF,No,No,0.033254080070896454
1958,2977-CEBSX,No,No,0.0
6001,9142-XMYJH,No,No,0.25486159807476977
2158,6064-ZATLR,No,No,0.0
1232,0121-SNYRK,No,No,0.020769442887685674
3698,5889-JTMUL,Yes,Yes,0.5879825343107808
2757,1626-ERCMM,Yes,Yes,0.5879825343107808
5949,8044-BGWPI,No,No,0.16407364122805287
4694,2659-VXMWZ,Yes,No,0.42407106782106774
34,0322-YINQP,Yes,No,0.4375168083278769
5152,1455-HFBXA,No,No,0.08873050847678282
4636,1502-XFCVR,Yes,No,0.3094761904761903
1705,8409-WQJUX,No,No,0.0025
344,2959-EEXWB,No,No,0.2846305072048834
6174,3823-KYNQY,No,No,0.020769442887685674
5277,4627-MIHJH,No,No,0.0
2700,1342-JPNKI,Yes,No,0.4780198854392592
4233,8481-YYXWG,Yes,Yes,0.596210510498386
2000,3563-SVYLG,No,No,0.033254080070896454
422,3594-KADLU,No,No,0.18948975823436462
6285,6729-FZWSY,No,No,0.020769442887685674
1645,7325-ENZFI,No,No,0.0
3140,3336-JORSO,Yes,Yes,0.596210510498386
5586,1383-EZRWL,Yes,No,0.25486159807476977
1161,9474-PHLYD,Yes,No,0.49193147468637216
6903,7729-XBTWX,No,No,0.0055119911714350475
2001,3566-CAAYU,No,No,0.0583644715430992
4600,0931-MHTEM,No,No,0.0
6907,7876-DNYAP,No,No,0.0055119911714350475
85,0811-GSDTP,No,No,0.408776540295055
6456,0831-JNISG,No,No,0.0055119911714350475
2540,0529-ONKER,Yes,Yes,0.6804247312592792
7035,9916-AYHTC,No,No,0.020769442887685674
3752,6086-ESGRL,Yes,No,0.4780198854392592
1918,2211-RMNHO,No,No,0.0055119911714350475
5599,1563-IWQEX,No,No,0.25486159807476977
5165,1830-GGFNM,No,No,0.08075453379612924
3579,5307-DZCVC,Yes,Yes,0.5837459802732902
1296,1208-DNHLN,Yes,No,0.16746657981606486
6020,9546-KDTRB,No,No,0.25486159807476977
2356,9068-VPWQQ,No,No,0.0055119911714350475
4439,9529-OFXHY,No,No,0.4780198854392592
4230,8456-QDAVC,No,No,0.4780198854392592
4973,7722-CVFXN,No,No,0.21665218389281848
4111,7831-QGOXH,Yes,Yes,0.6804247312592792
1686,8050-XGRVL,No,No,0.16746657981606486
2358,9091-WTUUY,No,No,0.0055119911714350475
4996,8231-BSWXX,No,No,0.12568619023361585
5455,8659-IOOPU,No,No,0.21665218389281848
5013,8565-HBFNN,No,No,0.08075453379612924
6607,3120-FAZKD,No,No,0.0055119911714350475
1130,9115-YQHGA,No,No,0.20792854910416148
5461,8819-ZBYNA,No,No,0.08075453379612924
2319,8336-TAVKX,No,No,0.033254080070896454
5102,0320-DWVTU,No,No,0.0
6934,8229-BUJHX,No,No,0.0055119911714350475
6043,0048-PIHNL,No,No,0.0055119911714350475
6154,3280-NMUVX,No,No,0.0055119911714350475
2138,5781-RFZRP,No,No,0.033254080070896454
4709,2886-KEFUM,Yes,No,0.23113906996619818
6072,1069-QJOEE,No,No,0.0583644715430992
2614,0899-LIIBW,No,Yes,0.5879825343107808
4921,6728-VOIFY,No,No,0.23113906996619818
2602,0848-ZGQIJ,No,Yes,0.5837459802732902
368,3132-TVFDZ,Yes,No,0.408776540295055
1751,9253-VIFJQ,No,No,0.0
2419,9993-LHIEB,No,No,0.0055119911714350475
5112,0572-ZJKLT,No,No,0.08873050847678282
7015,9565-AXSMR,No,No,0.0055119911714350475
1532,5499-ECUTN,No,No,0.16746657981606486
6511,1657-DYMBM,No,No,0.0055119911714350475
185,1629-DQQVB,No,No,0.4375168083278769
5784,4800-VHZKI,Yes,No,0.25486159807476977
6467,1052-QJIBV,No,No,0.0055119911714350475
6537,2050-ONYDQ,No,No,0.0055119911714350475
2510,0397-GZBBC,Yes,Yes,0.5837459802732902
4984,8008-ESFLK,No,No,0.11352852496660541
5370,6734-FQAJX,No,No,0.23155591630591627
2737,1550-EENBN,No,No,0.30691114441114437
265,2273-QCKXA,No,No,0.25486159807476977
3733,5995-SNNEW,No,Yes,0.5879825343107808
3568,5276-KQWHG,Yes,Yes,0.6804247312592792
4041,7493-TPUWZ,Yes,Yes,0.6804247312592792
3401,4558-FANTW,Yes,No,0.45331712405241825
6707,4735-BJKOU,No,No,0.020769442887685674
5680,2928-HLDBA,No,No,0.25486159807476977
4845,5343-SGUBI,No,No,0.12568619023361585
5811,5356-RHIPP,Yes,No,0.25486159807476977
1098,8878-HMWBV,Yes,No,0.49193147468637216
5555,0871-OPBXW,No,No,0.25486159807476977
392,3346-BRMIS,Yes,No,0.408776540295055
4776,4274-DRSQT,No,No,0.12568619023361585
1223,0002-ORFBO,No,No,0.0055119911714350475
1736,9033-EOXWV,Yes,No,0.020769442887685674
6365,8884-FEEWR,No,No,0.020769442887685674
534,4373-VVHQL,No,No,0.49193147468637216
5421,7826-VVKWT,No,No,0.23113906996619818
6152,3243-ZHOHY,No,No,0.020769442887685674
1104,8904-OPDCK,No,No,0.2846305072048834
5250,3841-NFECX,No,No,0.08075453379612924
1020,8229-MYEJZ,No,No,0.49193147468637216
4557,0197-PNKNK,No,No,0.06169680489703407
5729,3807-XHCJH,No,No,0.16407364122805287
120,1114-CENIM,Yes,No,0.2846305072048834
650,5207-PLSTK,No,No,0.2846305072048834
6545,2169-RRLFW,No,No,0.0055119911714350475
4838,5268-DSMNQ,No,No,0.06169680489703407
3337,4273-MBHYA,No,Yes,0.5879825343107808
885,7240-ETPTR,Yes,No,0.408776540295055
505,4195-NZGTA,No,No,0.49193147468637216
6166,3653-NCRDJ,No,No,0.0055119911714350475
1773,9677-AVKED,No,No,0.0583644715430992
1262,0667-NSRGI,No,No,0.0055119911714350475
326,2833-SLKDQ,Yes,No,0.4375168083278769
488,4061-UKJWL,No,No,0.4375168083278769
6038,9970-QBCDA,No,No,0.25486159807476977
2136,5762-TJXGK,No,No,0.0
4272,8699-ASUFO,Yes,Yes,0.5837459802732902
1892,1821-BUCWY,No,No,0.059376491778961815
5297,5161-XEUVX,No,No,0.08873050847678282
1053,8582-KRHPJ,No,No,0.03586997929606626
1713,8627-EHGIP,Yes,No,0.059376491778961815
4864,5671-UUNXD,No,No,0.21665218389281848
2743,1569-TTNYJ,Yes,Yes,0.5879825343107808
2188,6439-PKTRR,No,No,0.0
2291,8039-EQPIM,No,No,0.0055119911714350475
4301,8818-DOPVL,No,Yes,0.6804247312592792
2783,1769-GRUIK,No,Yes,0.6804247312592792
5081,9844-FELAJ,No,No,0.21665218389281848
3856,6599-CEBNN,Yes,No,0.4780198854392592
5323,5696-CEIQJ,No,No,0.08873050847678282
3982,7233-DRTRF,No,Yes,0.5879825343107808
4795,4619-EVPHY,No,No,0.06169680489703407
4849,5440-VHLUL,No,No,0.0
3805,6356-ELRKD,Yes,Yes,0.6804247312592792
4127,7924-GJZFI,No,Yes,0.5879825343107808
2331,8580-QVLOC,Yes,No,0.033254080070896454
1743,9127-QRZMH,No,No,0.033254080070896454
5019,8652-YHIYU,No,No,0.08873050847678282
2387,9481-WHGWY,No,No,0.0055119911714350475
5327,5795-KTGUD,No,No,0.08609192604780837
4579,0520-FDVVT,Yes,No,0.12568619023361585
3967,7148-XZPHA,No,No,0.45331712405241825
1962,2996-XAUVF,No,No,0.020769442887685674
933,7619-ODSGN,Yes,No,0.408776540295055
4343,9058-HRZSV,No,No,0.2797130173318254
4961,7550-WIQVA,No,No,0.42407106782106774
3608,5419-JPRRN,Yes,Yes,0.6804247312592792
5183,2277-BKJKN,No,No,0.23113906996619818
5161,1725-IQNIY,Yes,No,0.08075453379612924
6170,3724-BSCVH,No,No,0.0055119911714350475
2748,1587-FKLZB,Yes,Yes,0.5837459802732902
6602,3078-ZKNTS,No,No,0.0055119911714350475
5022,8715-KKTFG,No,No,0.08873050847678282
5792,4895-TMWIR,Yes,No,0.18948975823436462
7020,9624-EGDEQ,No,No,0.020769442887685674
6959,8626-XHBIE,No,No,0.0055119911714350475
5001,8327-LZKAS,Yes,No,0.21665218389281848
4138,7978-DKUQH,No,Yes,0.5879825343107808
3286,4010-YLMVT,No,No,0.3856626984126986
3310,4132-KALRO,No,No,0.27065218301675087
598,4855-SNKMY,Yes,No,0.49193147468637216
2773,1724-BQUHA,Yes,Yes,0.6804247312592792
3124,3269-ATYWD,Yes,No,0.4780198854392592
23,0274-JKUJR,No,No,0.07754077845099513
2910,2378-VTKDH,No,Yes,0.5879825343107808
132,1230-QAJDW,No,No,0.25486159807476977
1985,3398-GCPMU,No,No,0.033254080070896454
295,2586-CWXVV,No,No,0.408776540295055
5196,2530-FMFXO,No,No,0.21665218389281848
80,0778-NELLA,Yes,No,0.4375168083278769
4892,6266-QHOJZ,No,No,0.23155591630591627
1320,1729-VLAZJ,No,No,0.033254080070896454
6095,1697-LYYYX,No,No,0.0055119911714350475
330,2853-CWQFQ,No,No,0.18948975823436462
893,7318-EIVKO,No,No,0.49193147468637216
686,5515-RUGKN,No,No,0.4375168083278769
4748,3642-GKTCT,No,No,0.0
7001,9350-ZXYJC,No,No,0.020769442887685674
3560,5233-AOZUF,No,Yes,0.5879825343107808
3493,4948-WBBKL,No,No,0.4780198854392592
3623,5498-TXHLF,Yes,Yes,0.5879825343107808
2923,2455-USLMV,No,No,0.4780198854392592
3521,5091-HFAZW,No,No,0.30691114441114437
4773,4184-VODJZ,No,No,0.23113906996619818
5612,1796-JANOW,No,No,0.25486159807476977
5006,8405-IGQFX,No,No,0.0
2381,9415-ZNBSX,No,No,0.033254080070896454
2534,0506-LVNGN,Yes,No,0.4780198854392592
5908,7310-EGVHZ,No,No,0.25486159807476977
3089,3128-YOVTD,No,No,0.01229064039408867
6859,7115-IRDHS,No,No,0.0055119911714350475
5849,6124-ACRHJ,No,No,0.25486159807476977
738,5999-LCXAO,No,No,0.4375168083278769
5783,4797-MIWUM,No,No,0.18948975823436462
6547,2207-RYYRL,No,No,0.0055119911714350475
3847,6559-PDZLR,No,Yes,0.596210510498386
57,0601-WZHJF,Yes,No,0.408776540295055
6706,4707-MAXGU,No,No,0.0055119911714350475
4040,7488-MXJIV,Yes,Yes,0.6804247312592792
968,7851-FLGGQ,Yes,No,0.25486159807476977
2632,0958-YHXGP,No,No,0.4780198854392592
662,5351-QESIO,No,No,0.2846305072048834
6430,0480-KYJVA,No,No,0.0055119911714350475
508,4223-WOZCM,No,No,0.4375168083278769
1660,7670-ZBPOQ,No,No,0.0055119911714350475
3977,7209-JCUDS,Yes,Yes,0.6804247312592792
1423,3585-YNADK,No,No,0.0055119911714350475
2691,1302-UHBDD,No,Yes,0.6804247312592792
6270,6248-BSHKG,No,No,0.0055119911714350475
3884,6719-OXYBR,No,Yes,0.6804247312592792
3602,5393-RXQSZ,Yes,Yes,0.6804247312592792
5997,9101-NTIXF,No,No,0.25486159807476977
3470,4840-ORQXB,No,Yes,0.6804247312592792
1268,0743-HNPFG,No,No,0.033254080070896454
3482,4902-OHLSK,Yes,Yes,0.596210510498386
5709,3530-CRZSB,No,No,0.25486159807476977
3845,6551-GNYDG,No,Yes,0.5837459802732902
4858,5566-SOEZD,No,No,0.08609192604780837
2350,8990-YOZLV,No,No,0.0
795,6475-VHUIZ,No,No,0.16407364122805287
2428,0058-EVZWM,No,Yes,0.5837459802732902
4326,8949-JTMAY,Yes,No,0.4780198854392592
2230,7054-DMVAS,No,No,0.0
2913,2397-BRLOM,Yes,Yes,0.5837459802732902
4540,9947-OTFQU,Yes,Yes,0.6804247312592792
5873,6615-ZGEDR,Yes,No,0.25486159807476977
2997,2774-LVQUS,Yes,No,0.45331712405241825
12,0128-MKWSG,No,No,0.18948975823436462
3267,3934-HXCFZ,Yes,No,0.2797130173318254
6396,9746-UGFAC,No,No,0.020769442887685674
2646,1041-RXHRA,Yes,No,0.4780198854392592
2657,1095-JUDTC,Yes,Yes,0.596210510498386
2511,0402-CQAJN,Yes,No,0.4780198854392592
3394,4547-KQRTM,Yes,No,0.4780198854392592
3444,4760-THGOT,No,No,0.2797130173318254
1825,0459-SPZHJ,No,No,0.0
5765,4558-CGYCZ,No,No,0.25486159807476977
2134,5736-YEJAX,No,No,0.033254080070896454
6691,4521-WFJAI,No,No,0.020769442887685674
5646,2369-FEVNO,No,No,0.25486159807476977
3420,4636-JGAAI,No,Yes,0.5837459802732902
6782,5854-KSRBJ,No,No,0.0055119911714350475
2390,9489-JMTTN,No,No,0.033254080070896454
1790,9955-QOPOY,No,No,0.0055119911714350475
722,5858-EAFCZ,No,No,0.4375168083278769
5199,2599-CIPQE,No,No,0.08075453379612924
873,7078-NVFAM,No,No,0.005
5857,6258-NGCNG,No,No,0.25486159807476977
1557,5985-TBABQ,No,No,0.059376491778961815
477,3969-JQABI,No,No,0.07754077845099513
6444,0625-AFOHS,No,No,0.0055119911714350475
5360,6583-SZVGP,No,No,0.12568619023361585
1439,3915-ODIYG,No,No,0.005666666666666666
904,7389-KBFIT,No,No,0.2846305072048834
6698,4625-LAMOB,No,No,0.020769442887685674
4746,3584-WKTTW,No,No,0.21665218389281848
1698,8292-FRFZQ,No,No,0.0
91,0836-SEYLU,Yes,No,0.18948975823436462
1005,8100-HZZLJ,No,No,0.005
2396,9560-BBZXK,No,No,0.059376491778961815
5346,6257-DTAYD,No,No,0.08873050847678282
1759,9388-ZEYVT,No,No,0.0025
4872,5811-IWXYM,No,No,0.06169680489703407
3817,6400-BWQKW,Yes,Yes,0.6804247312592792
30,0311-QYWSS,No,No,0.49193147468637216
5879,6734-CKRSM,No,No,0.25486159807476977
5837,5868-YTYKS,No,No,0.18948975823436462
4638,1545-ACTAS,No,No,0.06169680489703407
5219,3192-NQECA,Yes,No,0.08873050847678282
2558,0618-XWMSS,Yes,Yes,0.5837459802732902
5960,8295-FHIVV,No,No,0.25486159807476977
6696,4589-IUAJB,No,No,0.0055119911714350475
1582,6341-JVQGF,No,No,0.0055119911714350475
5754,4237-CLSMM,No,No,0.18948975823436462
3078,3070-DVEYC,Yes,No,0.4780198854392592
531,4360-QRAVE,No,No,0.49193147468637216
4686,2408-TZMJL,Yes,No,0.42407106782106774
485,4013-UBXWQ,Yes,No,0.20792854910416148
20,0248-IPDFW,No,No,0.49193147468637216
6213,4795-UXVCJ,No,No,0.020769442887685674
3828,6457-GIRWB,Yes,Yes,0.6804247312592792
1095,8824-RWFXJ,Yes,No,0.2846305072048834
3543,5175-WLYXL,No,No,0.4780198854392592
6591,2817-LVCPP,No,No,0.020769442887685674
656,5295-PCJOO,Yes,No,0.408776540295055
5204,2789-CZANW,No,No,0.08075453379612924
5902,7239-HZZCX,Yes,No,0.25486159807476977
4678,2325-WINES,No,No,0.12568619023361585
4226,8436-BJUMM,Yes,Yes,0.5879825343107808
4284,8749-JMNKX,Yes,Yes,0.5837459802732902
5092,0020-INWCK,No,No,0.06169680489703407
239,2091-MJTFX,Yes,No,0.18948975823436462
5947,8003-EWNDZ,No,No,0.20792854910416148
6448,0732-OCQOC,No,No,0.0055119911714350475
2825,2013-SGDXK,Yes,Yes,0.6804247312592792
1485,4644-PIZRT,No,No,0.16746657981606486
3779,6215-NQCPY,No,Yes,0.6804247312592792
1810,0298-XACET,No,No,0.0055119911714350475
1988,3410-YOQBQ,No,No,0.020769442887685674
759,6158-HDPXZ,No,No,0.4375168083278769
5618,1925-GMVBW,No,No,0.25486159807476977
1783,9798-DRYDS,No,No,0.0055119911714350475
3742,6030-REHUX,No,No,0.45331712405241825
1596,6586-PSJOX,No,No,0.0055119911714350475
2460,0196-JTUQI,No,No,0.4780198854392592
6812,6370-ZVHDV,No,No,0.0055119911714350475
2450,0141-YEAYS,No,No,0.4780198854392592
2677,1216-BGTSP,No,No,0.27065218301675087
5775,4719-UMSIY,No,No,0.18948975823436462
6648,3696-DFHHB,No,No,0.020769442887685674
618,5018-LXQQG,No,No,0.18948975823436462
4817,4937-QPZPO,No,No,0.23113906996619818
2867,2178-PMGCJ,No,No,0.4780198854392592
690,5533-RJFTJ,No,No,0.4375168083278769
5867,6490-FGZAT,No,No,0.25486159807476977
6728,5014-GSOUQ,No,No,0.020769442887685674
2327,8434-PNQZX,No,No,0.020769442887685674
3323,4191-XOVOM,No,Yes,0.596210510498386
560,4566-QVRRW,Yes,No,0.408776540295055
1953,2882-WDTBA,No,No,0.033254080070896454
1776,9705-ZJBCG,No,No,0.0055119911714350475
2562,0637-KVDLV,Yes,Yes,0.6804247312592792
2556,0611-DFXKO,Yes,Yes,0.5837459802732902
3230,3750-CKVKH,Yes,Yes,0.6804247312592792
638,5155-AZQPB,No,No,0.2846305072048834
5862,6377-KSLXC,No,No,0.25486159807476977
3308,4124-MMETB,Yes,No,0.4780198854392592
6940,8314-HTWVE,No,No,0.0055119911714350475
2264,7596-ZYWBB,No,No,0.0
6250,5871-DGTXZ,No,No,0.020769442887685674
1974,3219-JQRSL,No,No,0.033254080070896454
4011,7354-OIJLX,No,Yes,0.6804247312592792
6178,3985-HOYPM,No,No,0.020769442887685674
6371,8969-PRHFK,No,No,0.020769442887685674
6938,8285-ABVLB,No,No,0.0055119911714350475
2369,9227-YBAXE,No,No,0.033254080070896454
2542,0533-BNWKF,Yes,Yes,0.5879825343107808
6312,7328-OWMOM,No,No,0.0055119911714350475
6553,2236-HILPA,No,No,0.0055119911714350475
3200,3606-TWKGI,Yes,Yes,0.6804247312592792
6517,1767-CJKBA,No,No,0.020769442887685674
5759,4396-KLSEH,No,No,0.20792854910416148
4624,1335-HQMKX,No,No,0.23113906996619818
3025,2869-ADAWR,Yes,No,0.4780198854392592
4088,7693-QPEFS,No,No,0.4780198854392592
1265,0723-FDLAY,No,No,0.020769442887685674
5190,2419-FSORS,No,No,0.21665218389281848
2642,1025-FALIX,No,No,0.4780198854392592
5345,6244-BESBM,No,No,0.08873050847678282
4970,7694-VLBWQ,Yes,No,0.23113906996619818
3942,7018-WBJNK,No,Yes,0.5837459802732902
5589,1423-BMPBQ,No,No,0.18948975823436462
3442,4750-ZRXIU,Yes,Yes,0.6804247312592792
2249,7321-ZNSLA,No,No,0.033254080070896454
5468,8901-UPRHR,No,No,0.08873050847678282
1955,2925-VDZHY,No,No,0.033254080070896454
5661,2640-LYMOV,No,No,0.25486159807476977
131,1226-UDFZR,Yes,No,0.4375168083278769
1036,8356-WUAOJ,No,No,0.408776540295055
252,2189-UXTKY,Yes,No,0.16407364122805287
588,4749-VFKVB,Yes,No,0.4375168083278769
2553,0595-ITUDF,No,No,0.2797130173318254
2380,9385-NXKDA,No,No,0.0
4706,2830-LEWOA,No,No,0.08873050847678282
1854,0909-SELIE,No,No,0.033254080070896454
725,5882-CMAZQ,No,No,0.16407364122805287
2330,8571-ZCMCX,No,No,0.0
6865,7225-IILWY,No,No,0.0055119911714350475
1178,9577-WJVCQ,No,No,0.4375168083278769
5619,1934-SJVJK,Yes,No,0.25486159807476977
4209,8372-JUXUI,Yes,Yes,0.5879825343107808
5453,8628-MFKAX,No,No,0.08075453379612924
5664,2676-ISHSF,No,No,0.25486159807476977
6473,1093-YSWCA,No,No,0.020769442887685674
3767,6168-YBYNP,No,Yes,0.596210510498386
589,4765-OXPPD,Yes,No,0.22267469545957913
2487,0320-JDNQG,Yes,No,0.45331712405241825
5715,3675-EQOZA,No,No,0.25486159807476977
1294,1177-XZBJL,No,No,0.033254080070896454
5549,0673-IGUQO,No,No,0.25486159807476977
6807,6323-AYBRX,Yes,No,0.020769442887685674
4065,7576-OYWBN,Yes,Yes,0.6804247312592792
301,2625-TRCZQ,No,No,0.408776540295055
5344,6242-FEGFD,No,No,0.08075453379612924
798,6497-TILVL,No,No,0.2846305072048834
6476,1106-HRLKZ,No,No,0.0055119911714350475
6789,5970-GHJAW,No,No,0.0055119911714350475
813,6620-HVDUJ,No,No,0.3377912087912086
6426,0404-AHASP,No,No,0.0055119911714350475
489,4065-JJAVA,No,No,0.49193147468637216
433,3669-LVWZB,Yes,No,0.4375168083278769
5374,6804-GDMOI,Yes,No,0.4451190476190478
5871,6569-KTMDU,No,No,0.25486159807476977
5685,3012-VFFMN,No,No,0.18948975823436462
6398,9801-NOSHQ,No,No,0.0055119911714350475
29,0295-QVKPB,No,No,0.25486159807476977
3858,6615-NGGZJ,Yes,Yes,0.6804247312592792
3909,6891-JPYFF,No,No,0.01229064039408867
4356,9129-UXERG,No,No,0.27065218301675087
2625,0939-YAPAF,Yes,Yes,0.6804247312592792
3084,3096-GKWEB,No,Yes,0.5879825343107808
5159,1576-PFZIW,No,No,0.08609192604780837
2010,3745-HRPHI,No,No,0.0055119911714350475
2999,2786-GCDPI,No,Yes,0.596210510498386
3325,4194-WHFCB,No,No,0.3701685307726329
4582,0575-CUQOV,No,No,0.23113906996619818
2449,0139-IVFJG,No,No,0.2797130173318254
4705,2806-MLNTI,No,No,0.06169680489703407
2225,6997-UVGOX,No,No,0.033254080070896454
2292,8046-DNVTL,No,No,0.033254080070896454
1658,7636-PEPNS,No,No,0.16746657981606486
1016,8205-MQUGY,No,No,0.408776540295055
3106,3192-LNKRK,No,Yes,0.5837459802732902
917,7511-YMXVQ,Yes,No,0.49193147468637216
6843,6917-FIJHC,No,No,0.0055119911714350475
4207,8357-EQXFO,Yes,Yes,0.6804247312592792
2213,6741-QRLUP,No,No,0.0
3435,4713-LZDRV,Yes,Yes,0.6804247312592792
4718,2957-JIRMN,No,No,0.22143470418470407
2403,9769-TSBZE,No,No,0.0
6205,4636-TVXVG,No,No,0.0055119911714350475
286,2478-EEWWM,No,No,0.408776540295055
4265,8647-SDTWQ,No,Yes,0.5879825343107808
4752,3707-LRWZD,Yes,No,0.22143470418470407
3656,5630-IXDXV,No,Yes,0.6804247312592792
5337,6048-UWKAL,No,No,0.08873050847678282
2662,1143-NMNQJ,Yes,Yes,0.6804247312592792
6574,2587-YNLES,No,No,0.0055119911714350475
1114,8992-VONJD,No,No,0.005
6494,1328-EUZHC,No,No,0.0055119911714350475
2886,2262-SLNVK,No,Yes,0.6804247312592792
3028,2876-GZYZC,No,Yes,0.6804247312592792
46,0430-IHCDJ,No,No,0.49193147468637216
346,2969-QWUBZ,No,No,0.49193147468637216
5384,6993-YGFJV,No,No,0.08075453379612924
3659,5649-ANRML,Yes,No,0.27065218301675087
6905,7815-PDTHL,No,No,0.020769442887685674
6051,0422-OHQHQ,No,No,0.0055119911714350475
2979,2684-EIWEO,Yes,No,0.3856626984126986
2209,6701-YVNQG,No,No,0.033254080070896454
6980,8922-NPKBJ,No,No,0.0055119911714350475
4978,7879-CGSFV,No,No,0.0
6449,0754-EEBDC,No,No,0.0055119911714350475
1283,1032-MAELW,No,No,0.0
1806,0253-ZTEOB,No,No,0.0583644715430992
5402,7446-KQISO,No,No,0.08873050847678282
3725,5960-WPXQM,Yes,Yes,0.6804247312592792
6181,4121-AGSIN,No,No,0.0055119911714350475
3367,4424-TKOPW,Yes,Yes,0.6804247312592792
3613,5442-BHQNG,No,Yes,0.6804247312592792
4159,8059-UDZFY,No,Yes,0.5837459802732902
4966,7654-YWJUF,No,No,0.08873050847678282
1804,0238-WHBIQ,No,No,0.033254080070896454
4019,7395-IGJOS,Yes,Yes,0.5837459802732902
5186,2324-EFHVG,No,No,0.12568619023361585
5369,6733-LRIZX,No,No,0.4451190476190478
2500,0365-BZUWY,No,Yes,0.5879825343107808
3346,4298-OYIFC,No,No,0.45331712405241825
5620,1963-VAUKV,Yes,No,0.25486159807476977
2617,0916-QOFDP,No,Yes,0.5879825343107808
3075,3062-ICYZQ,No,No,0.2797130173318254
1561,6061-GWWAV,No,No,0.0
6876,7463-IFMQU,No,No,0.0055119911714350475
3939,6996-KNSML,Yes,Yes,0.6804247312592792
4188,8189-HBVRW,No,No,0.30691114441114437
2113,5360-XGYAZ,No,No,0.033254080070896454
2587,0723-DRCLG,Yes,Yes,0.5879825343107808
1064,8654-DHAOW,No,No,0.4375168083278769
4214,8382-SHQEH,Yes,Yes,0.5879825343107808
1017,8217-QYOHV,No,No,0.25486159807476977
6794,6024-RUGGH,No,No,0.0055119911714350475
3448,4795-KTRTH,Yes,Yes,0.5879825343107808
5986,8944-AILEF,No,No,0.18948975823436462
4569,0409-WTMPL,No,No,0.08609192604780837
5621,1984-GPTEH,No,No,0.20792854910416148
2964,2656-FMOKZ,Yes,No,0.4780198854392592
1029,8280-MQRQN,Yes,No,0.4375168083278769
4183,8168-UQWWF,Yes,No,0.4780198854392592
4703,2790-XUYMV,No,No,0.08609192604780837
1123,9069-LGEUL,No,No,0.2846305072048834
4411,9415-DPEWS,Yes,Yes,0.596210510498386
4282,8739-XNIKG,No,Yes,0.6804247312592792
2878,2208-UGTGR,No,Yes,0.6804247312592792
4060,7562-UXTPG,No,No,0.4780198854392592
6935,8232-UTFOZ,No,No,0.020769442887685674
6774,5787-KXGIY,No,No,0.0055119911714350475
4414,9432-VOFYX,No,Yes,0.6804247312592792
1129,9108-EJFJP,No,No,0.07754077845099513
6627,3389-KTRXV,No,No,0.0055119911714350475
1337,2137-DQMEV,No,No,0.0
5090,0017-IUDMW,No,No,0.08075453379612924
206,1794-HBQTJ,Yes,No,0.4375168083278769
1310,1474-JUWSM,No,No,0.0583644715430992
3436,4716-HHKQH,No,No,0.45331712405241825
5856,6231-WFGFH,No,No,0.18948975823436462
6864,7205-BAIAD,No,No,0.020769442887685674
1976,3230-IUALN,No,No,0.0055119911714350475
665,5365-LLFYV,No,No,0.4375168083278769
5684,3011-WQKSZ,No,No,0.16407364122805287
5462,8823-RLPWL,No,No,0.08609192604780837
4813,4868-AADLV,No,No,0.11352852496660541
208,1803-BGNBD,No,No,0.20792854910416148
3076,3066-RRJIO,Yes,No,0.4780198854392592
3539,5153-RTHKF,No,Yes,0.6804247312592792
5471,8975-SKGRX,No,No,0.08075453379612924
4394,9317-WZPGV,Yes,No,0.4780198854392592
6150,3146-JTQHR,No,No,0.0055119911714350475
6571,2545-LXYVJ,No,No,0.0055119911714350475
5227,3374-TTZTK,No,No,0.11352852496660541
4695,2673-CXQEU,No,No,0.3094761904761903
2675,1212-GLHMD,No,No,0.4780198854392592
2747,1583-IHQZE,Yes,No,0.27065218301675087
5650,2428-ZMCTB,No,No,0.25486159807476977
4696,2692-AQCPF,No,No,0.08873050847678282
6350,8512-WIWYV,No,No,0.020769442887685674
6634,3498-LZGQZ,No,No,0.0055119911714350475
5678,2876-VBBBL,Yes,No,0.25486159807476977
5898,7140-ADSMJ,No,No,0.25486159807476977
3964,7142-HVGBG,Yes,Yes,0.5879825343107808
5930,7808-DVWEP,No,No,0.18948975823436462
3820,6413-XKKPU,Yes,Yes,0.5879825343107808
3223,3722-WPXTK,Yes,Yes,0.6804247312592792
6297,6980-CDGFC,No,No,0.0055119911714350475
4250,8584-KMVXD,No,Yes,0.6804247312592792
3663,5652-MSDEY,No,No,0.4780198854392592
624,5071-FBJFS,No,No,0.408776540295055
4333,9003-CPATH,No,Yes,0.6804247312592792
5656,2542-HYGIQ,No,No,0.25486159807476977
2810,1930-WNXSB,No,Yes,0.5879825343107808
6712,4804-NCPET,No,No,0.0055119911714350475
6326,7706-YLMQA,No,No,0.020769442887685674
1649,7470-DYNOE,No,No,0.028578947368421054
6856,7083-MIOPC,No,No,0.020769442887685674
2429,0060-FUALY,No,No,0.2797130173318254
4726,3115-JPJDD,No,No,0.06169680489703407
6319,7471-WNSUF,No,No,0.0055119911714350475
6785,5893-KCLGT,No,No,0.0055119911714350475
6990,9087-EYCPR,No,No,0.020769442887685674
1875,1266-NZYUI,No,No,0.0055119911714350475
6411,0174-QRVVY,No,No,0.0055119911714350475
1793,0016-QLJIS,No,No,0.033254080070896454
4790,4525-VZCZG,No,No,0.11352852496660541
1459,4198-VFOEA,No,No,0.020769442887685674
5941,7926-IJOOU,No,No,0.25486159807476977
3764,6161-UUUTA,Yes,Yes,0.6804247312592792
802,6537-QLGEX,No,No,0.49193147468637216
3414,4612-SSVHJ,No,Yes,0.6804247312592792
3650,5606-AMZBO,No,Yes,0.5837459802732902
543,4439-YRNVD,No,No,0.20792854910416148
3340,4282-YMKNA,Yes,Yes,0.6804247312592792
5302,5229-DTFYB,No,No,0.0
5959,8267-KFGYD,No,No,0.18948975823436462
5080,9835-ZIITK,Yes,No,0.21665218389281848
5963,8329-IBCTI,Yes,No,0.25486159807476977
2559,0620-DLSLK,No,No,0.4780198854392592
3217,3714-JTVOV,Yes,Yes,0.5837459802732902
3604,5399-ZIMKF,No,Yes,0.6804247312592792
6253,5917-RYRMG,No,No,0.020769442887685674
2526,0480-BIXDE,No,Yes,0.5879825343107808
6616,3239-TPHPZ,No,No,0.0583644715430992
776,6317-YPKDH,Yes,No,0.4375168083278769
3404,4566-NECEV,No,Yes,0.6804247312592792
226,1976-CFOCS,Yes,No,0.408776540295055
4997,8267-ZNYVZ,Yes,No,0.21665218389281848
1413,3422-WJOYD,No,No,0.0055119911714350475
1358,2450-ZKEED,No,No,0.020769442887685674
4798,4676-MQUEA,No,No,0.08609192604780837
651,5208-HFSBT,Yes,No,0.25486159807476977
5168,1891-QRQSA,No,No,0.08873050847678282
5832,5712-VBOXD,No,No,0.25486159807476977
6112,2122-SZZZD,No,No,0.020769442887685674
4461,9620-ENEJV,No,No,0.4780198854392592
6093,1682-VCOIO,No,No,0.020769442887685674
7034,9838-BFCQT,No,No,0.0055119911714350475
507,4208-UFFGW,Yes,No,0.4375168083278769
5617,1905-OEILC,No,No,0.25486159807476977
2334,8619-IJNDK,No,No,0.033254080070896454
1100,8885-QSQBX,No,No,0.4375168083278769
3979,7218-HKQFK,Yes,No,0.45331712405241825
4399,9360-OMDZZ,No,Yes,0.6804247312592792
5827,5624-RYAMH,No,No,0.20792854910416148
3531,5131-PONJI,No,Yes,0.5837459802732902
4622,1297-VQDRP,No,No,0.08873050847678282
1087,8773-HHUOZ,Yes,No,0.2846305072048834
3302,4102-OQUPX,Yes,Yes,0.5879825343107808
3648,5600-KTXFM,No,Yes,0.5837459802732902
6597,2961-VNFKL,No,No,0.0055119911714350475
1586,6416-JNVRK,No,No,0.059376491778961815
4472,9685-WKZGT,Yes,Yes,0.6804247312592792
4220,8413-VONUO,Yes,Yes,0.6804247312592792
4925,6777-TGHTM,Yes,No,0.12568619023361585
3799,6331-EWIEB,Yes,Yes,0.6804247312592792
5027,8849-PRIQJ,No,No,0.21665218389281848
4893,6270-OMFIW,Yes,No,0.23113906996619818
345,2962-XPMCQ,Yes,No,0.49193147468637216
119,1104-FEJAM,No,No,0.408776540295055
3889,6769-DYBQN,Yes,Yes,0.6804247312592792
5852,6141-OOXUQ,Yes,No,0.25486159807476977
2705,1374-DMZUI,Yes,Yes,0.6804247312592792
6055,0661-KQHNK,No,No,0.0055119911714350475
1126,9097-ZUBYC,No,No,0.18948975823436462
3360,4391-LNRXK,No,No,0.27065218301675087
3622,5494-HECPR,Yes,Yes,0.6804247312592792
1063,8650-RHRKE,Yes,No,0.49193147468637216
4160,8062-YBDOE,Yes,Yes,0.6804247312592792
1042,8404-GFGCZ,No,No,0.408776540295055
386,3301-LSLWQ,No,No,0.49193147468637216
4076,7613-LLQFO,Yes,Yes,0.6804247312592792
3948,7044-YAACC,No,Yes,0.5879825343107808
6969,8780-IHCRN,No,No,0.0055119911714350475
1248,0471-LVHGK,Yes,Yes,0.8307678571428572
3879,6705-LXORM,No,Yes,0.5879825343107808
4760,3807-BPOMJ,No,No,0.23113906996619818
5506,9788-HNGUT,No,No,0.08075453379612924
5265,4178-EGMON,No,No,0.08075453379612924
159,1442-BQPVU,No,No,0.49193147468637216
3030,2883-ILGWO,No,No,0.27065218301675087
4332,8999-BOHSE,Yes,No,0.4780198854392592
3399,4553-DVPZG,No,Yes,0.5879825343107808
1990,3470-OBUET,No,No,0.033254080070896454
3905,6861-XWTWQ,Yes,Yes,0.5879825343107808
4357,9133-AYJZG,No,No,0.4780198854392592
4476,9696-RMYBA,No,No,0.4780198854392592
1873,1265-BCFEO,No,No,0.0055119911714350475
6534,2007-QVGAW,No,No,0.0055119911714350475
6631,3458-IDMFK,No,No,0.020769442887685674
2065,4751-ERMAN,No,No,0.16746657981606486
6059,0804-YGEQV,No,No,0.0055119911714350475
4455,9603-OAIHC,No,Yes,0.6804247312592792
1080,8734-FNWVH,No,No,0.2846305072048834
3954,7089-IVVAZ,Yes,No,0.27065218301675087
5482,9220-ZNKJI,No,No,0.08873050847678282
2407,9795-SHUHB,No,No,0.033254080070896454
1786,9894-QMIMJ,No,No,0.059376491778961815
6405,0040-HALCW,No,No,0.0055119911714350475
3645,5590-BYNII,Yes,Yes,0.6804247312592792
5526,0208-BPQEJ,No,No,0.18948975823436462
3727,5976-JCJRH,Yes,Yes,0.5879825343107808
5440,8261-GWDBQ,No,No,0.08075453379612924
1220,9938-EKRGF,No,No,0.3377912087912086
6720,4884-LEVMQ,No,No,0.0055119911714350475
3159,3419-SNJJD,Yes,Yes,0.5837459802732902
1233,0134-XWXCE,No,No,0.020769442887685674
3231,3753-TSEMP,Yes,Yes,0.5879825343107808
1327,1898-JSNDC,No,No,0.059376491778961815
2530,0491-KAPQG,No,Yes,0.6804247312592792
3707,5921-NGYRH,No,Yes,0.5837459802732902
2940,2516-VQRRV,Yes,No,0.4780198854392592
1849,0813-TAXXS,No,No,0.059376491778961815
4155,8051-HJRLT,Yes,Yes,0.6804247312592792
6825,6619-RPLQZ,No,No,0.0055119911714350475
1890,1775-KWJKQ,No,No,0.033254080070896454
4734,3313-QKNKB,Yes,No,0.23113906996619818
3158,3413-DHLPB,No,No,0.3701685307726329
1034,8348-HFYIV,Yes,No,0.49193147468637216
2644,1031-IIDEO,Yes,Yes,0.6804247312592792
403,3446-QDSZF,No,No,0.4375168083278769
5613,1814-DKOLC,No,No,0.25486159807476977
947,7729-JTEEC,No,No,0.408776540295055
6282,6563-VRERX,No,No,0.0055119911714350475
6342,8277-RVRSV,No,No,0.0055119911714350475
566,4625-EWPTF,Yes,No,0.49193147468637216
3379,4480-QQRHC,No,No,0.4780198854392592
5987,8963-MQVYN,No,No,0.16407364122805287
5829,5688-KZTSN,Yes,No,0.16407364122805287
932,7615-ESMYF,Yes,No,0.408776540295055
6967,8755-OGKNA,No,No,0.0055119911714350475
6248,5849-ASHZJ,No,No,0.0055119911714350475
3693,5875-YPQFJ,Yes,Yes,0.6804247312592792
4135,7964-VEXDG,No,Yes,0.5879825343107808
3100,3170-GWYKC,No,No,0.27065218301675087
630,5103-MHMHY,Yes,No,0.2846305072048834
2121,5485-ITNPC,No,No,0.033254080070896454
3044,2956-GGUCQ,Yes,Yes,0.5879825343107808
1276,0895-LMRSF,No,No,0.059376491778961815
128,1208-NBVFH,No,No,0.408776540295055
812,6614-VBEGU,No,No,0.2846305072048834
2259,7503-MIOGA,No,No,0.033254080070896454
5283,4806-DXQCE,No,No,0.11352852496660541
5736,3976-NLDEZ,No,No,0.25486159807476977
3950,7056-IMHCC,Yes,Yes,0.5879825343107808
1018,8221-EQDGL,No,No,0.07754077845099513
4888,6227-FBDXH,No,No,0.06169680489703407
3755,6100-QQHEB,Yes,Yes,0.5879825343107808
3141,3338-CVVEH,No,Yes,0.6804247312592792
4912,6646-QVXLR,Yes,No,0.23113906996619818
2761,1656-DRSMG,No,No,0.27065218301675087
2664,1169-WCVAK,No,No,0.006500000000000001
1562,6064-PUPMC,No,No,0.0055119911714350475
6982,8957-THMOA,No,No,0.0055119911714350475
355,3055-MJDSB,No,No,0.4375168083278769
3452,4811-JBUVU,No,No,0.27065218301675087
2090,5126-RCXYW,No,No,0.0055119911714350475
5483,9239-GZHZE,No,No,0.08075453379612924
4962,7596-LDUXP,No,No,0.12568619023361585
4806,4800-CZMPC,Yes,No,0.08609192604780837
53,0550-DCXLH,No,No,0.25486159807476977
6603,3088-FVYWK,No,No,0.0055119911714350475
5942,7956-XQWGU,No,No,0.25486159807476977
740,6029-CSMJE,No,No,0.4375168083278769
1329,1925-LFCZZ,No,No,0.059376491778961815
127,1205-WNWPJ,Yes,No,0.25486159807476977
4741,3410-MHHUM,No,No,0.23113906996619818
1571,6195-MELTI,No,No,0.020769442887685674
5990,9025-ZRPVR,Yes,No,0.25486159807476977
696,5590-ZSKRV,No,No,0.07754077845099513
5371,6749-UTDVX,No,No,0.22143470418470407
2815,1965-AKTSX,Yes,Yes,0.6804247312592792
1796,0056-EPFBG,No,No,0.0055119911714350475
138,1304-BCCFO,No,No,0.2846305072048834
6711,4785-FCIFB,No,No,0.0055119911714350475
6847,6961-MJKBO,No,No,0.020769442887685674
658,5309-TAIKL,No,No,0.25486159807476977
6,0076-LVEPS,No,No,0.22267469545957913
890,7273-TEFQD,Yes,No,0.49193147468637216
4100,7783-YKGDV,Yes,No,0.3856626984126986
5529,0278-YXOOG,Yes,No,0.25486159807476977
849,6898-MDLZW,No,No,0.25486159807476977
6278,6527-PZFPV,No,No,0.0055119911714350475
3397,4550-EVXNY,Yes,Yes,0.5879825343107808
5336,6035-RIIOM,No,No,0.12568619023361585
6468,1073-XXCZD,No,No,0.0055119911714350475
568,4640-UHDOS,Yes,No,0.408776540295055
5704,3374-PZLXD,No,No,0.25486159807476977
5493,9548-ZMVTX,No,No,0.08873050847678282
4547,9985-MWVIX,Yes,No,0.4780198854392592
426,3629-WEAAM,No,No,0.25486159807476977
4105,7813-ZGGAW,No,No,0.27065218301675087
63,0623-IIHUG,Yes,No,0.49193147468637216
5203,2773-OVBPK,No,No,0.08873050847678282
1253,0557-ASKVU,No,No,0.0055119911714350475
4322,8937-RDTHP,Yes,No,0.4780198854392592
3672,5712-PTIWW,Yes,Yes,0.596210510498386
3878,6693-FRIRW,No,No,0.4780198854392592
4567,0380-NEAVX,No,No,0.22143470418470407
4655,1956-YIFGE,No,No,0.06169680489703407
2590,0742-NXBGR,Yes,Yes,0.6804247312592792
428,3640-JQGJG,No,No,0.2846305072048834
2958,2619-WFQWU,Yes,No,0.4780198854392592
5786,4803-LBYPN,No,No,0.18948975823436462
4238,8496-EJAUI,Yes,No,0.4780198854392592
775,6313-GIDIT,Yes,No,0.49193147468637216
2650,1069-XAIEM,Yes,Yes,0.6804247312592792
1311,1492-KGETH,No,No,0.033254080070896454
6360,8752-IMQOS,No,No,0.0055119911714350475
5348,6297-NOOPG,No,No,0.21665218389281848
1342,2212-LYASK,No,No,0.16746657981606486
2378,9359-JANWS,No,No,0.0055119911714350475
877,7130-CTCUS,No,No,0.07754077845099513
912,7459-IMVYU,No,No,0.07894099378881987
951,7742-MYPGI,No,No,0.18948975823436462
6636,3521-HTQTV,No,No,0.020769442887685674
3094,3144-KMTWZ,No,Yes,0.5837459802732902
4386,9283-LZQOH,Yes,Yes,0.5837459802732902
4184,8178-EYZUO,Yes,No,0.30691114441114437
5224,3258-ZKPAI,No,No,0.08075453379612924
4424,9481-IEBZY,No,No,0.006500000000000001
6902,7717-BICXI,No,No,0.0055119911714350475
2217,6870-ZWMNX,No,No,0.0055119911714350475
5014,8597-CWYHH,No,No,0.12568619023361585
5175,2040-XBAVJ,No,No,0.08075453379612924
3701,5898-IGSLP,No,No,0.45331712405241825
666,5366-OBVMR,No,No,0.18948975823436462
5717,3679-XASPY,No,No,0.16407364122805287
772,6260-ONULR,No,No,0.4375168083278769
2218,6885-PKOAM,No,No,0.033254080070896454
4463,9626-VFRGG,No,Yes,0.5837459802732902
4405,9398-MMQTO,No,No,0.4780198854392592
555,4504-YOULA,No,No,0.07754077845099513
2741,1565-RHDJD,Yes,Yes,0.5837459802732902
3880,6710-HSJRD,No,No,0.45331712405241825
6705,4703-MQYKT,No,No,0.020769442887685674
6993,9150-KPBJQ,No,No,0.020769442887685674
6298,7009-PCARS,No,No,0.0055119911714350475
1480,4598-ZADCK,No,No,0.0195
2890,2270-CHBFN,No,No,0.006500000000000001
1841,0730-BGQGF,No,No,0.033254080070896454
4527,9909-IDLEK,No,No,0.3701685307726329
161,1453-RZFON,No,No,0.2846305072048834
6998,9251-AWQGT,No,No,0.0055119911714350475
4633,1448-CYWKC,No,No,0.06169680489703407
3138,3323-CPBWR,No,No,0.27065218301675087
6972,8857-CUPFQ,No,No,0.0055119911714350475
4299,8808-ELEHO,Yes,Yes,0.6804247312592792
36,0374-AACSZ,No,No,0.49193147468637216
3807,6358-LYNGM,Yes,Yes,0.6804247312592792
1270,0756-MPZRL,No,No,0.020769442887685674
5275,4616-ULAOA,No,No,0.08873050847678282
1631,7103-ZGVNT,No,No,0.033254080070896454
864,7036-ZZKBD,No,No,0.18948975823436462
4541,9948-YPTDG,Yes,No,0.2797130173318254
6558,2346-CZYIL,No,No,0.020769442887685674
3897,6825-UYPFK,Yes,No,0.4780198854392592
6372,9066-QRSDU,No,No,0.0583644715430992
4911,6617-WLBQC,No,No,0.06169680489703407
6861,7161-DFHUF,No,No,0.0055119911714350475
4078,7625-XCQRH,Yes,Yes,0.6804247312592792
2243,7233-PAHHL,No,No,0.0055119911714350475
2963,2645-QTLMB,Yes,Yes,0.6804247312592792
2043,4304-XUMGI,No,No,0.0
5609,1755-RMCXH,No,No,0.18948975823436462
3240,3797-FKOGQ,No,Yes,0.5879825343107808
2405,9786-YWNHU,No,No,0.033254080070896454
2053,4648-YPBTM,No,No,0.020769442887685674
2954,2609-IAICY,Yes,Yes,0.6804247312592792
2624,0929-PECLO,No,No,0.4780198854392592
4919,6726-WEXXK,No,No,0.23113906996619818
4323,8938-UMKPI,Yes,Yes,0.6804247312592792
6217,4955-VCWBI,No,No,0.0055119911714350475
3355,4360-PNRQB,No,No,0.4780198854392592
2131,5707-ZMDJP,No,No,0.033254080070896454
6441,0608-JDVEC,No,No,0.0583644715430992
6814,6425-JWTDV,No,No,0.0055119911714350475
6206,4644-OBGFZ,No,No,0.0055119911714350475
3829,6457-USBER,Yes,Yes,0.6804247312592792
6027,9770-LXDBK,No,No,0.25486159807476977
3657,5644-PDMZC,Yes,Yes,0.6804247312592792
3675,5747-PMBSQ,Yes,No,0.3701685307726329
5943,7968-QUXNS,No,No,0.25486159807476977
5417,7730-CLDSV,No,No,0.08873050847678282
1213,9862-KJTYK,No,No,0.2846305072048834
3600,5385-SUIRI,Yes,Yes,0.5879825343107808
5089,0014-BMAQU,No,No,0.08873050847678282
5916,7551-JOHTI,Yes,No,0.25486159807476977
1297,1264-FUHCX,No,No,0.0055119911714350475
2977,2675-OTVVJ,No,Yes,0.5879825343107808
5657,2565-JSLRY,Yes,No,0.25486159807476977
3640,5569-OUICF,Yes,No,0.3701685307726329
72,0708-SJDIS,No,No,0.25486159807476977
2888,2267-FPIMA,No,No,0.01229064039408867
3946,7029-RPUAV,Yes,Yes,0.5837459802732902
577,4695-VADHF,Yes,No,0.408776540295055
4668,2237-ZFSMY,Yes,No,0.4451190476190478
3334,4248-HCETZ,Yes,Yes,0.5837459802732902
5473,8984-HPEMB,No,No,0.23155591630591627
4117,7861-UVUFT,Yes,Yes,0.5879825343107808
2169,6203-HBZPA,No,No,0.0
6501,1468-DEFNC,No,No,0.0055119911714350475
926,7587-RZNME,Yes,No,0.49193147468637216
2882,2249-YPRNG,Yes,Yes,0.5837459802732902
3065,3006-XIMLN,Yes,Yes,0.5837459802732902
2236,7138-GIRSH,No,No,0.020769442887685674
1922,2245-ADZFJ,No,No,0.0055119911714350475
3627,5519-YLDGW,Yes,Yes,0.5879825343107808
3069,3027-ZTDHO,Yes,Yes,0.6804247312592792
6492,1302-TPUBN,No,No,0.020769442887685674
6060,0829-DDVLK,No,No,0.020769442887685674
4555,0186-CAERR,No,No,0.0
2052,4615-PIVVU,No,No,0.020769442887685674
3492,4947-DSMXK,No,Yes,0.5837459802732902
1380,2794-XIMMO,Yes,No,0.0583644715430992
1083,8740-XLHDR,Yes,No,0.3377912087912086
6114,2239-CFOUJ,No,No,0.0055119911714350475
3862,6633-SYEUS,No,No,0.27065218301675087
4762,3865-YIOTT,No,No,0.06169680489703407
24,0277-BKSQP,No,No,0.408776540295055
3152,3389-YGYAI,Yes,Yes,0.6804247312592792
4964,7629-WFGLW,No,No,0.11352852496660541
1156,9381-NDKME,Yes,No,0.2846305072048834
6194,4451-RWASJ,No,No,0.0055119911714350475
2445,0130-SXOUN,No,No,0.4780198854392592
5655,2484-DGXPZ,Yes,No,0.18948975823436462
790,6429-SHBCB,No,No,0.4375168083278769
3570,5281-BUZGT,Yes,Yes,0.6804247312592792
3786,6242-MBHPK,No,Yes,0.5879825343107808
6245,5789-LDFXO,No,No,0.0025
4252,8603-IJWDN,Yes,Yes,0.6804247312592792
2660,1112-CUNAO,Yes,Yes,0.6804247312592792
578,4701-AHWMW,Yes,No,0.18948975823436462
4531,9921-EZKBY,No,Yes,0.5837459802732902
6318,7452-FOLON,No,No,0.0055119911714350475
3110,3198-VELRD,Yes,Yes,0.5837459802732902
1188,9644-UMGQA,No,No,0.408776540295055
2318,8316-BBQAY,No,No,0.020769442887685674
4393,9314-IJWSQ,No,Yes,0.5879825343107808
5406,7566-DSRLQ,No,No,0.21665218389281848
7040,9964-WBQDJ,No,No,0.0055119911714350475
1969,3108-PCCGG,No,No,0.0
377,3221-CJMSG,No,No,0.25486159807476977
4286,8752-STIVR,Yes,Yes,0.6804247312592792
5071,9738-QLWTP,No,No,0.4451190476190478
2751,1597-LHYNC,Yes,No,0.30691114441114437
2596,0793-TWELN,No,Yes,0.6804247312592792
4179,8149-AIQCG,No,No,0.4780198854392592
5153,1480-BKXGA,No,No,0.08075453379612924
2480,0295-PPHDO,Yes,Yes,0.6804247312592792
6949,8464-EETCQ,No,No,0.020769442887685674
302,2626-URJFX,Yes,No,0.408776540295055
6950,8514-VZHEB,No,No,0.0055119911714350475
3683,5827-MWCZK,No,No,0.3701685307726329
118,1101-SSWAG,No,No,0.408776540295055
3294,4067-HLYQI,No,No,0.4780198854392592
6058,0788-DXBFY,No,No,0.0583644715430992
6768,5666-MBJPT,No,No,0.020769442887685674
6868,7268-WNTCP,No,No,0.0055119911714350475
928,7593-JNWRU,Yes,No,0.2846305072048834
4572,0440-UEDAI,No,No,0.0
130,1215-VFYVK,No,No,0.25486159807476977
922,7554-AKDQF,No,No,0.2846305072048834
1110,8976-OQHGT,Yes,No,0.18948975823436462
5407,7569-NMZYQ,No,No,0.08075453379612924
3324,4192-GORJT,Yes,Yes,0.5879825343107808
4142,7993-PYKOF,Yes,Yes,0.5879825343107808
2784,1771-OADNZ,Yes,Yes,0.5879825343107808
7016,9574-BOSMD,No,No,0.0055119911714350475
6569,2520-SGTTA,No,No,0.0055119911714350475
1673,7841-FCRQD,No,No,0.0055119911714350475
4248,8565-CLBZW,Yes,No,0.4780198854392592
3877,6692-YQHXC,No,No,0.4780198854392592
4515,9851-QXEEQ,Yes,Yes,0.6804247312592792
4559,0206-TBWLC,No,No,0.08075453379612924
2836,2037-SGXHH,Yes,Yes,0.5879825343107808
4663,2153-MREFK,Yes,No,0.21665218389281848
5900,7219-TLZHO,No,No,0.18948975823436462
3341,4283-FUTGF,Yes,Yes,0.6804247312592792
3865,6645-MXQJT,No,Yes,0.5879825343107808
5040,9040-KZVWO,No,No,0.12568619023361585
6561,2400-FEQME,No,No,0.0055119911714350475
2187,6437-UDQJM,No,No,0.0
3758,6108-OQZDQ,Yes,Yes,0.5879825343107808
2822,2003-CKLOR,Yes,Yes,0.6804247312592792
5079,9833-TGFHX,No,No,0.23113906996619818
193,1697-NVVGY,No,No,0.2846305072048834
105,0975-VOOVL,No,No,0.4375168083278769
5543,0536-BGFMZ,No,No,0.18948975823436462
1710,8570-KLJYJ,No,No,0.059376491778961815
6082,1293-HHSHJ,No,No,0.020769442887685674
4954,7272-QDCKA,No,No,0.22143470418470407
2914,2398-YPMUR,Yes,Yes,0.5879825343107808
6187,4318-RAJVY,No,No,0.020769442887685674
6023,9629-NHXFW,No,No,0.18948975823436462
6377,9347-AERRL,No,No,0.0055119911714350475
2803,1894-IGFSG,Yes,Yes,0.6804247312592792
5466,8879-XUAHX,No,No,0.11352852496660541
6100,1776-SPBWV,No,No,0.0055119911714350475
4355,9124-LHCJQ,Yes,No,0.4780198854392592
6704,4698-KVLLG,No,No,0.020769442887685674
3655,5628-RKIFK,No,No,0.4780198854392592
2519,0434-CSFON,No,Yes,0.5879825343107808
843,6859-RKMZJ,No,No,0.2846305072048834
4751,3692-JHONH,No,No,0.23113906996619818
3499,4983-CLMLV,No,No,0.3701685307726329
2272,7649-SIJJF,No,No,0.033254080070896454
3572,5288-AHOUP,No,Yes,0.6804247312592792
3511,5028-GZLDO,Yes,No,0.4780198854392592
6315,7369-TRPFD,No,No,0.020769442887685674
3116,3217-FZDMN,Yes,No,0.4780198854392592
405,3466-BYAVD,No,No,0.18948975823436462
1119,9039-RBEEE,Yes,No,0.3377912087912086
4560,0218-QNVAS,No,No,0.06169680489703407
5318,5663-QBGIS,No,No,0.06169680489703407
2344,8766-PAFNE,No,No,0.0055119911714350475
6962,8727-JQFHV,No,No,0.0055119911714350475
1370,2581-VKIRT,No,No,0.033254080070896454
542,4432-ADRLB,Yes,No,0.4375168083278769
2206,6695-AMZUF,No,No,0.033254080070896454
4927,6807-SIWJI,No,No,0.3094761904761903
1618,6967-PEJLL,No,No,0.0583644715430992
4732,3253-HKOKL,No,No,0.23113906996619818
2328,8468-FZTOE,No,No,0.0
1006,8108-UXRQN,No,No,0.408776540295055
2241,7191-ADRGF,No,No,0.16746657981606486
2383,9443-JUBUO,No,No,0.033254080070896454
2926,2468-SJFLM,No,No,0.27065218301675087
89,0822-QGCXA,No,No,0.16407364122805287
1626,7032-LMBHI,No,No,0.059376491778961815
2410,9867-XOBQA,No,No,0.033254080070896454
5023,8752-GHJFU,No,No,0.11352852496660541
1887,1676-MQAOA,No,No,0.0
3060,3001-UNBTL,No,Yes,0.5879825343107808
847,6888-SBYAI,No,No,0.4375168083278769
413,3537-RYBHH,No,No,0.07754077845099513
6338,8191-XWSZG,No,No,0.020769442887685674
1166,9504-DSHWM,No,No,0.25486159807476977
1211,9842-EFSYY,No,No,0.07754077845099513
2183,6418-HNFED,No,No,0.033254080070896454
3989,7249-WBIYX,Yes,Yes,0.5879825343107808
4679,2330-PQGDQ,No,No,0.08873050847678282
918,7520-HQWJU,No,No,0.07754077845099513
3107,3194-ORPIK,Yes,Yes,0.5837459802732902
1753,9309-BZGNT,No,No,0.16746657981606486
1961,2990-OGYTD,No,No,0.0055119911714350475
1507,4999-IEZLT,No,No,0.020769442887685674
4378,9253-QXKBE,Yes,Yes,0.5879825343107808
1972,3174-AKMAS,No,No,0.0055119911714350475
5560,1009-IRMNA,Yes,No,0.25486159807476977
6846,6928-ONTRW,No,No,0.0055119911714350475
5416,7710-JSYOA,No,No,0.08873050847678282
1637,7156-MXBJE,No,No,0.020769442887685674
104,0953-LGOVU,No,No,0.18948975823436462
4346,9079-LWTFD,No,No,0.07502170280699694
6831,6698-OXETB,No,No,0.020769442887685674
3016,2845-AFFTX,Yes,Yes,0.5879825343107808
2012,3795-GWTRD,No,No,0.033254080070896454
2506,0378-TOVMS,Yes,Yes,0.596210510498386
1891,1814-WFGVS,No,No,0.0055119911714350475
5317,5574-NXZIU,No,No,0.0
1965,3057-VJJQE,No,No,0.059376491778961815
2423,0013-EXCHZ,Yes,No,0.3701685307726329
6346,8430-TWCBX,No,No,0.0055119911714350475
6087,1403-LKLIK,No,No,0.0055119911714350475
1338,2144-ESWKO,No,No,0.059376491778961815
3503,4998-IKFSE,No,Yes,0.6804247312592792
2837,2038-LLMLM,No,Yes,0.596210510498386
3839,6513-EECDB,Yes,Yes,0.5879825343107808
4459,9614-RMGHA,Yes,Yes,0.5837459802732902
4453,9600-UDOPK,Yes,Yes,0.5837459802732902
1546,5825-XJOCM,No,No,0.0
163,1465-LNTLJ,No,No,0.18948975823436462
581,4710-NKCAW,No,No,0.22267469545957913
257,2209-XADXF,No,No,0.4375168083278769
5936,7853-WNZSY,No,No,0.25486159807476977
1384,2858-MOFSQ,Yes,No,0.16746657981606486
2528,0487-RPVUM,No,No,0.3701685307726329
6850,6980-IMXXE,No,No,0.0055119911714350475
6089,1439-LCGVL,No,No,0.0055119911714350475
6488,1248-DYXUB,No,No,0.0055119911714350475
3191,3551-HUAZH,Yes,Yes,0.6804247312592792
828,6704-UTUKK,No,No,0.408776540295055
2361,9114-DPSIA,No,No,0.033254080070896454
3363,4402-FTBXC,No,No,0.4780198854392592
2992,2739-CACDQ,No,No,0.4780198854392592
167,1496-GGSUK,Yes,No,0.4375168083278769
5118,0727-BNRLG,No,No,0.0
2046,4355-HBJHH,Yes,Yes,0.8307678571428572
2394,9548-LIGTA,No,No,0.033254080070896454
4980,7940-UQQUG,No,No,0.08873050847678282
4145,8010-EZLOU,Yes,Yes,0.6804247312592792
4556,0193-ESZXP,Yes,No,0.08075453379612924
4203,8325-QRPZR,No,Yes,0.6804247312592792
2978,2683-BPJSO,Yes,No,0.2797130173318254
3973,7198-GLXTC,Yes,Yes,0.6804247312592792
42,0411-EZJZE,No,No,0.49193147468637216
4818,5014-WUQMG,No,No,0.42407106782106774
1241,0308-IVGOK,No,No,0.020769442887685674
2871,2190-BCXEC,No,No,0.3701685307726329
609,4950-BDEUX,No,No,0.49193147468637216
2409,9823-EALYC,No,No,0.033254080070896454
6584,2718-YSKCS,No,No,0.0055119911714350475
5731,3845-FXCYS,No,No,0.20792854910416148
2008,3704-IEAXF,No,No,0.0055119911714350475
5643,2320-YKQBO,No,No,0.25486159807476977
6784,5884-FBCTL,No,No,0.0055119911714350475
667,5378-IKEEG,Yes,No,0.49193147468637216
4512,9846-GKXAS,Yes,No,0.4780198854392592
5029,8905-IAZPF,No,No,0.06169680489703407
5217,3134-DSHVC,No,No,0.0
2337,8631-NBHFZ,Yes,No,0.033254080070896454
5565,1051-EQPZR,No,No,0.18948975823436462
5667,2712-SYWAY,No,No,0.20792854910416148
1836,0604-THJFP,No,No,0.0055119911714350475
4066,7577-SWIFR,No,Yes,0.6804247312592792
1501,4903-CNOZC,No,No,0.059376491778961815
6666,3957-SQXML,No,No,0.0055119911714350475
2974,2674-MIAHT,No,No,0.4780198854392592
5446,8465-SBRXP,No,No,0.08873050847678282
2147,5893-PYOLZ,No,No,0.020769442887685674
114,1078-TDCRN,No,No,0.408776540295055
3550,5201-FRKKS,No,No,0.4780198854392592
2139,5788-YPOEG,No,No,0.033254080070896454
5733,3900-AQPHZ,Yes,No,0.25486159807476977
3811,6376-GAHQE,Yes,Yes,0.6804247312592792
2690,1285-OKIPP,Yes,Yes,0.6804247312592792
7018,9588-YRFHY,No,No,0.020769442887685674
4294,8784-CGILN,Yes,No,0.27065218301675087
2842,2058-DCJBE,Yes,Yes,0.6804247312592792
1539,5756-JYOJT,No,No,0.020769442887685674
3819,6407-UTSLV,No,No,0.4780198854392592
6169,3721-CNZHX,No,No,0.020769442887685674
6300,7061-OVMIM,No,No,0.0055119911714350475
3664,5655-JSMZM,Yes,Yes,0.6804247312592792
1866,1139-WUOAH,No,No,0.020769442887685674
5564,1045-LTCYT,No,No,0.18948975823436462
3679,5804-HYIEZ,No,No,0.2797130173318254
582,4712-AUQZO,No,No,0.4375168083278769
1244,0373-AIVNJ,No,No,0.0
1583,6352-GIGGQ,No,No,0.0
6742,5220-AGAAX,No,No,0.0055119911714350475
2098,5208-FVQKB,No,No,0.033254080070896454
5679,2882-DDZPG,No,No,0.25486159807476977
6343,8327-WKMIE,No,No,0.020769442887685674
6124,2560-QTSBS,No,No,0.0055119911714350475
3801,6347-DCUIK,Yes,No,0.4780198854392592
401,3439-GVUSX,No,No,0.4375168083278769
2993,2754-SDJRD,No,No,0.27065218301675087
5961,8305-VHZBZ,Yes,No,0.25486159807476977
5497,9589-ABEPT,No,No,0.08873050847678282
621,5047-LHVLY,Yes,No,0.2846305072048834
6651,3721-WKIIL,No,No,0.020769442887685674
50,0516-WJVXC,Yes,No,0.20792854910416148
5041,9101-BWFSS,Yes,No,0.11352852496660541
6455,0827-ITJPH,No,No,0.020769442887685674
1900,1972-XMUWV,No,No,0.0055119911714350475
5994,9046-JBFWA,No,No,0.18948975823436462
2184,6418-PIQSP,No,No,0.0055119911714350475
6592,2848-YXSMW,No,No,0.0055119911714350475
4626,1357-BIJKI,No,No,0.23113906996619818
4376,9248-OJYKK,Yes,Yes,0.6804247312592792
1757,9359-UGBTK,No,No,0.020769442887685674
668,5382-TEMLV,No,No,0.4375168083278769
5127,0917-EZOLA,Yes,No,0.06169680489703407
2988,2719-BDAQO,Yes,Yes,0.6804247312592792
4258,8625-AZYZY,Yes,Yes,0.5879825343107808
5156,1545-JFUML,No,No,0.42407106782106774
3284,4007-NHVHI,No,No,0.30691114441114437
6974,8859-DZTGQ,No,No,0.020769442887685674
2949,2575-GFSOE,Yes,Yes,0.5879825343107808
3040,2931-SVLTV,No,No,0.006500000000000001
5580,1237-WIYYZ,No,No,0.25486159807476977
2332,8587-XYZSF,No,No,0.020769442887685674
5132,1090-ESELR,No,No,0.08075453379612924
1169,9518-IMLHK,No,No,0.3377912087912086
6622,3284-SVCRO,No,No,0.0055119911714350475
5732,3847-BAERP,No,No,0.25486159807476977
3080,3074-GQWYX,Yes,No,0.4780198854392592
2007,3654-ARMGP,No,No,0.020769442887685674
4292,8780-IXSTS,Yes,Yes,0.6804247312592792
2162,6120-RJKLU,No,No,0.0055119911714350475
195,1703-MGIAB,No,No,0.25486159807476977
1275,0872-CASZJ,No,No,0.0055119911714350475
4754,3733-UOCWF,No,No,0.08873050847678282
2107,5318-YKDPV,No,No,0.0055119911714350475
7032,9800-OUIGR,No,No,0.0055119911714350475
1624,7013-PSXHK,No,No,0.020769442887685674
5289,5013-SBUIH,Yes,No,0.23155591630591627
3525,5117-IFGPS,No,Yes,0.5879825343107808
760,6171-ZTVYB,No,No,0.22267469545957913
5050,9323-HGFWY,No,No,0.08873050847678282
6173,3778-FOAQW,No,No,0.0055119911714350475
2635,0970-ETWGE,Yes,Yes,0.6804247312592792
396,3402-XRIUO,No,No,0.22267469545957913
1519,5196-WPYOW,No,No,0.033254080070896454
5967,8410-BGQXN,No,No,0.25486159807476977
1797,0078-XZMHT,No,No,0.0055119911714350475
5895,7094-MSZAO,No,No,0.18948975823436462
6425,0402-OAMEN,No,No,0.0055119911714350475
240,2100-BDNSN,Yes,No,0.18948975823436462
2941,2519-FAKOD,Yes,Yes,0.5837459802732902
6805,6285-FTQBF,No,No,0.0055119911714350475
619,5027-XWQHA,Yes,No,0.49193147468637216
5072,9742-XOKTS,No,No,0.11352852496660541
1348,2316-ESMLS,No,No,0.0055119911714350475
5223,3258-SYSWS,No,No,0.0
1335,2065-MMKGR,No,No,0.059376491778961815
6954,8544-JNBOX,No,No,0.020769442887685674
528,4349-GFQHK,Yes,No,0.49193147468637216
5790,4881-GQJTW,No,No,0.25486159807476977
3612,5439-WIKXB,No,Yes,0.5879825343107808
3557,5226-NOZFC,No,Yes,0.6804247312592792
6709,4774-HHGGS,No,No,0.0055119911714350475
3936,6987-XQSJT,Yes,Yes,0.6804247312592792
4222,8417-FMLZI,Yes,Yes,0.5837459802732902
92,0841-NULXI,Yes,No,0.49193147468637216
679,5478-JJVZK,No,No,0.03586997929606626
6773,5743-KHMNA,No,No,0.020769442887685674
4172,8111-SLLHI,Yes,Yes,0.5879825343107808
2417,9926-PJHDQ,No,No,0.16746657981606486
4443,9547-ITEFG,No,Yes,0.5837459802732902
5083,9909-DFRJA,No,No,0.0
4384,9281-OFDMF,No,Yes,0.6804247312592792
5280,4686-GEFRM,No,No,0.08873050847678282
3128,3296-SILRA,Yes,Yes,0.5837459802732902
258,2219-MVUSO,Yes,No,0.4375168083278769
2431,0082-OQIQY,No,Yes,0.596210510498386
5843,6016-LVTJQ,No,No,0.18948975823436462
1578,6296-DDOOR,No,No,0.028578947368421054
5171,1937-OTUKY,No,No,0.08873050847678282
3714,5935-FCCNB,No,Yes,0.6804247312592792
1942,2649-HWLYB,No,No,0.0055119911714350475
5046,9154-QDGTH,No,No,0.08873050847678282
5030,8910-ICHIU,No,No,0.0
4024,7409-KIUTL,Yes,Yes,0.5879825343107808
3251,3855-ONCAR,No,Yes,0.5837459802732902
6502,1494-EJZDW,No,No,0.0055119911714350475
1336,2073-QBVBI,No,No,0.0055119911714350475
2025,3967-KXAPS,No,No,0.033254080070896454
1030,8286-AFUYI,No,No,0.49193147468637216
5858,6278-FEPBZ,No,No,0.25486159807476977
442,3714-XPXBW,No,No,0.3377912087912086
1935,2404-JIBFC,No,No,0.0055119911714350475
5002,8329-UTMVM,No,No,0.0
830,6713-OKOMC,No,No,0.4375168083278769
5243,3716-LRGXK,No,No,0.06169680489703407
2171,6253-GNHWH,No,No,0.033254080070896454
2746,1580-BMCMR,No,Yes,0.6804247312592792
2734,1513-XNPPH,Yes,Yes,0.596210510498386
2924,2460-NGXBJ,No,Yes,0.5837459802732902
3433,4704-ERYFC,Yes,Yes,0.5879825343107808
6818,6518-KZXCB,No,No,0.020769442887685674
2363,9140-CZQZZ,No,No,0.033254080070896454
3641,5570-PTWEH,Yes,Yes,0.5837459802732902
379,3237-AJGEH,Yes,No,0.18948975823436462
644,5175-AOBHI,Yes,No,0.4375168083278769
1437,3863-IUBJR,Yes,No,0.16746657981606486
3369,4439-JMPMT,Yes,No,0.45331712405241825
2990,2725-KXXWT,Yes,Yes,0.5879825343107808
1867,1172-VIYBP,No,No,0.0
6717,4836-WNFNO,No,No,0.0055119911714350475
256,2207-OBZNX,Yes,No,0.4375168083278769
4711,2896-TBNBE,No,No,0.23113906996619818
4246,8552-OBVRU,No,No,0.45331712405241825
2791,1842-EZJMK,Yes,No,0.45331712405241825
6918,8043-PNYSD,No,No,0.0055119911714350475
6772,5730-DBDSI,No,No,0.020769442887685674
6947,8441-SHIPE,No,No,0.020769442887685674
850,6905-NIQIN,Yes,No,0.4375168083278769
2384,9453-PATOS,No,No,0.033254080070896454
1814,0343-QLUZP,No,No,0.0
2314,8242-PDSGJ,No,No,0.0055119911714350475
6944,8388-DMKAE,No,No,0.020769442887685674
5507,9802-CAQUT,No,No,0.08609192604780837
547,4459-BBGHE,No,No,0.408776540295055
2759,1640-PLFMP,No,Yes,0.6804247312592792
4887,6202-DYYFX,No,No,0.12568619023361585
685,5501-TVMGM,No,No,0.49193147468637216
5686,3030-ZKIWL,No,No,0.25486159807476977
2214,6754-LZUKA,No,No,0.16746657981606486
6222,5039-LZRQT,No,No,0.020769442887685674
2884,2254-DLXRI,No,No,0.4780198854392592
746,6092-QZVPP,No,No,0.25486159807476977
3935,6986-IXNDM,No,Yes,0.6804247312592792
2883,2250-IVBWA,No,No,0.2797130173318254
3119,3235-ETOOB,Yes,Yes,0.5879825343107808
6725,4979-HPRFL,No,No,0.0055119911714350475
454,3797-VTIDR,Yes,No,0.408776540295055
5815,5442-BXVND,No,No,0.18948975823436462
1828,0526-SXDJP,No,No,0.0
6227,5266-PFRQK,No,No,0.0055119911714350475
2973,2672-TGEFF,No,Yes,0.5879825343107808
3000,2789-HQBOU,No,Yes,0.6804247312592792
6325,7677-SJJJK,No,No,0.0055119911714350475
6414,0264-CNITK,No,No,0.0055119911714350475
4015,7379-POKDZ,Yes,Yes,0.5879825343107808
554,4501-VCPFK,No,No,0.20792854910416148
1093,8806-EAGWC,Yes,No,0.4375168083278769
2092,5130-YPIRV,No,No,0.0
293,2582-FFFZR,No,No,0.49193147468637216
506,4201-JMNGR,Yes,No,0.49193147468637216
5886,6878-GGDWG,No,No,0.18948975823436462
5928,7785-RDVIG,No,No,0.18948975823436462
3512,5032-MIYKT,No,No,0.4780198854392592
4146,8012-SOUDQ,No,Yes,0.6804247312592792
2315,8295-KMENE,No,No,0.0055119911714350475
2156,6023-GSSXW,No,No,0.16746657981606486
1992,3486-HOOGQ,No,No,0.033254080070896454
2492,0330-IVZHA,Yes,Yes,0.5879825343107808
3236,3768-NLUBH,Yes,Yes,0.5879825343107808
2943,2523-EWWZL,No,Yes,0.5879825343107808
4202,8313-NDOIA,No,Yes,0.6804247312592792
5688,3043-SUDUA,No,No,0.25486159807476977
480,3999-WRNGR,No,No,0.408776540295055
5439,8216-AZUUZ,No,No,0.21665218389281848
2805,1907-UBQFC,Yes,Yes,0.6804247312592792
6576,2607-DHDAK,No,No,0.0055119911714350475
1688,8097-OMULG,No,No,0.0055119911714350475
4513,9850-OWRHQ,Yes,Yes,0.5837459802732902
4822,5067-XJQFU,No,No,0.21665218389281848
1699,8314-DPQHL,No,No,0.020769442887685674
6514,1709-EJDOX,No,No,0.0055119911714350475
2127,5676-CFLYY,No,No,0.0055119911714350475
1528,5386-THSLQ,No,No,0.16746657981606486
2282,7860-KSUGX,No,No,0.0
5774,4712-UYOOI,No,No,0.16407364122805287
1726,8845-LWKGE,No,No,0.0583644715430992
4826,5149-CUZUJ,No,No,0.08873050847678282
2247,7301-ABVAD,No,No,0.020769442887685674
1196,9734-UYXQI,Yes,No,0.49193147468637216
1078,8722-NGNBH,Yes,No,0.25486159807476977
5570,1098-TDVUQ,No,No,0.25486159807476977
147,1355-KUSBG,No,No,0.408776540295055
3202,3627-FCRDW,Yes,Yes,0.6804247312592792
1533,5524-KHNJP,No,No,0.16746657981606486
4033,7450-NWRTR,Yes,Yes,0.6804247312592792
673,5423-BHIXO,No,No,0.49193147468637216
6433,0505-SPOOW,No,No,0.0055119911714350475
2649,1062-LHZOD,Yes,Yes,0.5837459802732902
6531,1985-MBRYP,No,No,0.020769442887685674
4897,6341-AEVKX,No,No,0.21665218389281848
2484,0311-UNPFF,Yes,No,0.4780198854392592
6246,5808-TOTXO,No,No,0.0055119911714350475
5256,4024-CSNBY,No,No,0.08075453379612924
2701,1343-EHPYB,Yes,Yes,0.5879825343107808
3347,4299-SIMNS,No,Yes,0.6804247312592792
5735,3936-QQFLL,No,No,0.25486159807476977
6281,6551-ZCOTS,No,No,0.020769442887685674
5512,9924-JPRMC,No,No,0.23155591630591627
5993,9046-DQMTP,No,No,0.25486159807476977
3373,4450-DLLMH,No,No,0.4780198854392592
5098,0248-PGHBZ,No,No,0.0
939,7663-RGWBC,Yes,No,0.4375168083278769
6625,3359-DSRKA,No,No,0.0055119911714350475
3002,2796-UUZZO,No,Yes,0.5837459802732902
2493,0334-GDDSO,Yes,Yes,0.6804247312592792
2347,8819-WFGGJ,No,No,0.16746657981606486
3728,5977-CKHON,No,Yes,0.5837459802732902
583,4718-DHSMV,No,No,0.4375168083278769
2895,2302-ANTDP,Yes,Yes,0.7297797619047617
825,6682-QJDGB,Yes,No,0.07754077845099513
5724,3750-RNQKR,No,No,0.25486159807476977
2370,9236-NDUCW,No,No,0.020769442887685674
757,6143-JQKEA,No,No,0.4375168083278769
4320,8922-LIEGH,Yes,Yes,0.6804247312592792
2608,0876-WDUUZ,Yes,No,0.27065218301675087
5821,5546-BYZSM,No,No,0.20792854910416148
1176,9564-KCLHR,Yes,No,0.25486159807476977
3321,4184-TJFAN,Yes,No,0.3701685307726329
6136,2812-REYAT,No,No,0.0055119911714350475
1579,6302-JGYRJ,Yes,No,0.0055119911714350475
3639,5569-KGJHX,Yes,Yes,0.5837459802732902
144,1335-NTIUC,No,No,0.49193147468637216
5777,4745-LSPLO,Yes,No,0.25486159807476977
3902,6856-RAURS,No,No,0.4780198854392592
3796,6326-MTTXK,Yes,Yes,0.6804247312592792
1795,0019-GFNTW,No,No,0.0
2044,4312-GVYNH,No,No,0.0055119911714350475
2,0015-UOCOJ,No,No,0.49193147468637216
4671,2252-ISRNH,No,No,0.23113906996619818
6891,7606-BPHHN,No,No,0.020769442887685674
4482,9722-UJOJR,Yes,Yes,0.5879825343107808
437,3688-FTHLT,No,No,0.4375168083278769
4804,4789-KWMXN,Yes,No,0.08873050847678282
2085,5067-WJEUN,No,No,0.0
3133,3317-VLGQT,No,Yes,0.5879825343107808
4509,9837-BMCLM,Yes,Yes,0.6804247312592792
6505,1574-DYCWE,No,No,0.0055119911714350475
5084,9912-OMZDS,No,No,0.23113906996619818
3785,6234-PFPXL,No,No,0.3701685307726329
4274,8708-XPXHZ,Yes,Yes,0.5879825343107808
2082,4994-OBRSZ,No,No,0.033254080070896454
3614,5442-UTCVD,Yes,Yes,0.5879825343107808
6017,9441-QHEVC,No,No,0.25486159807476977
6915,7996-MHXLW,No,No,0.020769442887685674
362,3091-FYHKI,Yes,No,0.49193147468637216
3209,3657-COGMW,No,No,0.3856626984126986
2035,4115-BNPJY,No,No,0.0055119911714350475
3969,7156-MHUGY,Yes,Yes,0.6804247312592792
1001,8082-GHXOP,No,No,0.2846305072048834
5953,8138-EALND,No,No,0.25486159807476977
1279,0975-UYDTX,No,No,0.033254080070896454
1879,1431-AIDJQ,No,No,0.0055119911714350475
5509,9848-JQJTX,No,No,0.12568619023361585
1829,0531-XBKMM,No,No,0.033254080070896454
3125,3276-HDUEG,Yes,No,0.4780198854392592
2478,0265-PSUAE,No,Yes,0.5837459802732902
4543,9961-JBNMK,Yes,No,0.4780198854392592
899,7361-YPXFS,No,No,0.25486159807476977
5038,8999-XXGNS,No,No,0.06169680489703407
6690,4475-NVTLU,No,No,0.0583644715430992
3029,2880-FPNAE,No,Yes,0.5879825343107808
924,7579-OOPEC,Yes,No,0.2846305072048834
5052,9360-AHGNL,Yes,No,0.08873050847678282
6243,5774-QPLTF,No,No,0.0055119911714350475
2250,7340-KEFQE,No,No,0.0055119911714350475
779,6338-AVWCY,Yes,No,0.4375168083278769
